name,elapsed,operations,bytes,total_elapsed,iteration
/background-operation/new,13.361399,246980.12536,,13.3614,1
/cache/get-release,13.002245,50775846.786459,,13.002255,1
/memory-chunk/get-reset,13.004472,446000422.008675,,13.004544,1
/message/new,13.003647,25492848.275565,,13.003647,1
/message/new-append,13.015065,3465215.118019,,13.015066,1
/message/add-operation-small,13.007148,990993.567537,792794854.029492,13.007149,1
/message/add-operation-large,13.003798,15726.174768,1258093981.46603,13.003798,1
/kv/put,13.010149,5380.414936,,26.438375,1
/kv/put-batch,13.034824,5370.229778,,26.523274,1
/kv/get,13.0248,37774.0925,,13.408621,1
/kv/get-batch,13.019753,41014.602965,,13.399928,1
/kv/delete,13.152129,5170.26559,,25.816484,1
/kv/delete-batch,13.175313,5085.268183,,25.938438,1
/kv/unordered-put-delete,13.049212,5977.372427,,13.049212,1
/kv/unordered-put-delete-batch,13.27106,6028.154496,,13.271061,1
/object/distributed-object/create,13.015242,19208.248298,,24.15967,1
/object/distributed-object/create-batch,13.0386,19480.619085,,24.296808,1
/object/distributed-object/delete,13.029687,22256.866186,,27.952352,1
/object/distributed-object/delete-batch,13.041532,22313.329446,,28.080232,1
/object/distributed-object/status,13.023681,33400.695241,,13.024006,1
/object/distributed-object/status-batch,13.007035,242176.637489,,13.007315,1
/object/distributed-object/read,13.020043,28110.50624,115140633.56012,13.027043,1
/object/distributed-object/read-batch,13.018403,231211.15547,947040892.803825,13.080388,1
/object/distributed-object/write,13.023124,28718.147812,117629533.436063,13.024573,1
/object/distributed-object/write-batch,13.022559,367823.251943,1506604039.958659,13.029587,1
/object/distributed-object/unordered-create-delete,13.063615,20974.286214,,13.063617,1
/object/distributed-object/unordered-create-delete-batch,13.075932,21107.482052,,13.075933,1
/object/object/create,13.047401,19390.835002,,24.174548,1
/object/object/create-batch,13.000437,19537.804768,,24.215108,1
/object/object/delete,13.021337,22424.732575,,27.995221,1
/object/object/delete-batch,13.037862,22549.709454,,28.116139,1
/object/object/status,13.001526,33765.267246,,13.001737,1
/object/object/status-batch,13.031147,239426.352876,,13.031422,1
/object/object/read,13.002029,28534.008038,116875296.924811,13.008949,1
/object/object/read-batch,13.029151,234090.463761,958834539.564397,13.090453,1
/object/object/write,13.020725,29107.442174,119224083.144372,13.022005,1
/object/object/write-batch,13.016196,371076.157735,1519927942.080774,13.023879,1
/object/object/unordered-create-delete,13.065048,21125.065901,,13.065049,1
/object/object/unordered-create-delete-batch,13.035483,20866.123641,,13.035484,1
/db/entry/insert,13.761533,1488.206292,,13.770146,1
/db/entry/insert-batch,14.170971,1734.249544,,14.172325,1
/db/entry/insert-index-single,14.141539,1158.572628,,14.149662,1
/db/entry/insert-batch-index-single,13.24126,1237.344482,,13.243398,1
/db/entry/insert-index-all,14.263904,1435.792052,,14.270103,1
/db/entry/insert-batch-index-all,13.282931,1541.828381,,13.284784,1
/db/entry/insert-index-mixed,15.462839,1059.572566,,15.47177,1
/db/entry/insert-batch-index-mixed,14.897429,1099.787084,,14.899882,1
/db/entry/delete,13.681347,430.366981,,60.849222,1
/db/entry/delete-batch,13.240441,444.698179,,60.009072,1
/db/entry/delete-index-single,13.881104,1475.386972,,27.113232,1
/db/entry/delete-batch-index-single,13.29163,1540.819298,,26.536769,1
/db/entry/delete-index-all,14.563388,1687.519415,,27.827345,1
/db/entry/delete-batch-index-all,14.195924,1731.201153,,28.763242,1
/db/entry/delete-index-mixed,15.15234,1351.606419,,29.456486,1
/db/entry/delete-batch-index-mixed,13.653154,1500.019702,,27.619256,1
/db/entry/update,13.014253,5232.417105,,15.064352,1
/db/entry/update-batch,13.013539,6373.66976,,15.057822,1
/db/entry/update-index-single,13.792487,1781.839635,,16.443096,1
/db/entry/update-batch-index-single,14.56718,1968.260157,,17.202394,1
/db/entry/update-index-all,13.811744,1779.355308,,16.021935,1
/db/entry/update-batch-index-all,13.495668,1821.028792,,15.825002,1
/db/entry/update-index-mixed,15.089965,1628.632008,,18.009099,1
/db/entry/update-batch-index-mixed,13.599753,1807.091644,,16.435759,1
/db/iterator/get-simple,13.019152,4974.824781,,15.053614,1
/db/iterator/get-simple-index-single,13.221669,15489.723725,,15.875345,1
/db/iterator/get-simple-index-all,13.055758,15686.565269,,15.222297,1
/db/iterator/get-simple-index-mixed,13.143479,15270.234007,,15.963829,1
/db/iterator/get-range,13.017337,505.172448,,15.070817,1
/db/iterator/get-range-index-single,13.00557,510.55048,,15.6519,1
/db/iterator/get-range-index-all,13.011032,495.579444,,15.187625,1
/db/iterator/get-range-index-mixed,13.028163,507.208883,,15.852559,1
/db/schema/create,13.42706,163.848229,,16.07647,1
/db/schema/create-batch,13.201636,166.646013,,15.816437,1
/db/schema/delete,13.049265,827.632821,,79.07215,1
/db/schema/delete-batch,13.072072,833.838737,,79.40535,1
/item/collection/create,13.151525,5550.687088,,26.606606,1
/item/collection/create-batch,13.174735,5389.102703,,26.751319,1
/item/collection/delete,13.203482,4468.518229,,24.37358,1
/item/collection/delete-batch,13.029917,4374.548203,,24.005631,1
/item/collection/delete-batch-without-get,13.058874,5130.610802,,25.744796,1
/item/collection/unordered-create-delete,13.241817,5890.430294,,13.241818,1
/item/collection/unordered-create-delete-batch,13.141225,5935.51971,,13.141225,1
/item/item/create,13.223547,4008.001787,,26.227683,1
/item/item/create-batch,13.047442,4062.098916,,25.988986,1
/item/item/delete,13.110517,3661.18285,,24.911222,1
/item/item/delete-batch,13.00009,3692.28213,,24.819144,1
/item/item/delete-batch-without-get,13.175008,4098.669238,,26.471713,1
/item/item/get-status,13.004671,33372.624344,,13.005804,1
/item/item/get-status-batch,13.003876,238390.461429,,13.005185,1
/item/item/read,13.031723,28238.78316,115666055.823931,13.039707,1
/item/item/read-batch,13.036069,230897.826638,945757497.908303,13.099747,1
/item/item/write,13.023665,28640.171565,117310142.728641,13.026275,1
/item/item/write-batch,13.008033,368233.998176,1508286456.530361,13.016569,1
/item/item/unordered-create-delete,13.184994,4550.627782,,13.185458,1
/item/item/unordered-create-delete-batch,13.185633,4550.40725,,13.185989,1
/background-operation/new,13.182839,250325.442039,,13.182839,2
/cache/get-release,13.001039,50703639.916779,,13.00105,2
/memory-chunk/get-reset,13.001451,445334909.157447,,13.001532,2
/message/new,13.002509,25448934.509486,,13.002509,2
/message/new-append,13.021519,3463497.614986,,13.02152,2
/message/add-operation-small,13.002231,992906.525042,794325220.033393,13.002232,2
/message/add-operation-large,13.004431,15694.650539,1255572043.098233,13.004432,2
/kv/put,13.006751,5458.703715,,26.383359,2
/kv/put-batch,13.009465,5380.697823,,26.475453,2
/kv/get,13.014485,39417.618139,,13.396209,2
/kv/get-batch,13.000829,40766.631113,,13.381194,2
/kv/delete,13.148301,5171.770862,,25.78965,2
/kv/delete-batch,13.166587,5164.588211,,25.870481,2
/kv/unordered-put-delete,13.000143,5999.934001,,13.000145,2
/kv/unordered-put-delete-batch,13.269169,6029.013573,,13.269169,2
/object/distributed-object/create,13.038836,19020.102715,,24.085827,2
/object/distributed-object/create-batch,13.01926,19202.320255,,24.20572,2
/object/distributed-object/delete,13.034593,22095.051223,,27.94175,2
/object/distributed-object/delete-batch,13.004159,22377.45632,,28.083362,2
/object/distributed-object/status,13.021331,32561.955456,,13.021578,2
/object/distributed-object/status-batch,13.007457,242937.570349,,13.007742,2
/object/distributed-object/read,13.026993,27788.454327,113821508.923817,13.033698,2
/object/distributed-object/read-batch,13.039455,226236.449299,926664496.33056,13.101794,2
/object/distributed-object/write,13.023813,28639.846103,117308809.639696,13.025337,2
/object/distributed-object/write-batch,13.039664,356604.280601,1460651133.342086,13.089082,2
/object/distributed-object/unordered-create-delete,13.055127,20681.529946,,13.05513,2
/object/distributed-object/unordered-create-delete-batch,13.063252,20974.869045,,13.063253,2
/object/object/create,13.00096,19229.349217,,24.043392,2
/object/object/create-batch,13.050474,19462.894604,,24.247115,2
/object/object/delete,13.029544,22257.110456,,28.032764,2
/object/object/delete-batch,13.042546,22234.922537,,28.149903,2
/object/object/status,13.001568,33534.416772,,13.001791,2
/object/object/status-batch,13.011666,244396.067344,,13.011932,2
/object/object/read,13.013139,28125.420008,115201720.35356,13.019999,2
/object/object/read-batch,13.027202,230287.363319,943257040.153365,13.089062,2
/object/object/write,13.021968,28951.077134,118583611.939455,13.0232,2
/object/object/write-batch,13.025966,368494.743499,1509354469.372943,13.03393,2
/object/object/unordered-create-delete,13.005546,20760.374074,,13.005547,2
/object/object/unordered-create-delete-batch,13.089753,20932.404148,,13.089754,2
/db/entry/insert,13.028754,1571.907797,,13.03747,2
/db/entry/insert-batch,13.905906,1767.306639,,13.907293,2
/db/entry/insert-index-single,13.92834,1176.306724,,13.936253,2
/db/entry/insert-batch-index-single,15.655248,1308.187516,,15.657298,2
/db/entry/insert-index-all,14.004363,1462.401396,,14.010217,2
/db/entry/insert-batch-index-all,15.069666,1630.825793,,15.071418,2
/db/entry/insert-index-mixed,14.975895,1094.024764,,14.984326,2
/db/entry/insert-batch-index-mixed,13.966765,1173.0705,,13.969123,2
/db/entry/delete,13.567171,433.988781,,58.907576,2
/db/entry/delete-batch,13.299495,442.723577,,59.368157,2
/db/entry/delete-index-single,13.769025,1487.39653,,26.788908,2
/db/entry/delete-batch-index-single,15.261873,1610.287283,,30.725528,2
/db/entry/delete-index-all,14.154219,1736.302088,,27.180091,2
/db/entry/delete-batch-index-all,15.018129,1909.159257,,30.134927,2
/db/entry/delete-index-mixed,14.482361,1414.134063,,28.290242,2
/db/entry/delete-batch-index-mixed,13.797594,1484.316758,,27.88143,2
/db/entry/update,13.024397,5228.341857,,15.018359,2
/db/entry/update-batch,13.012759,6433.070804,,15.046077,2
/db/entry/update-index-single,13.537986,1815.336491,,16.125544,2
/db/entry/update-batch-index-single,14.281192,2007.67555,,16.824198,2
/db/entry/update-index-all,13.423414,1830.830815,,15.590679,2
/db/entry/update-batch-index-all,14.151991,2026.00468,,16.342637,2
/db/entry/update-index-mixed,14.955379,1643.288345,,17.754171,2
/db/entry/update-batch-index-mixed,13.596706,1807.49661,,16.429944,2
/db/iterator/get-simple,13.014148,5114.433922,,15.042655,2
/db/iterator/get-simple-index-single,13.215197,14877.417264,,15.810357,2
/db/iterator/get-simple-index-all,13.107602,14999.539962,,15.28065,2
/db/iterator/get-simple-index-mixed,13.093385,15015.826694,,15.857006,2
/db/iterator/get-range,13.009144,511.64012,,15.034383,2
/db/iterator/get-range-index-single,13.011157,511.560963,,15.608332,2
/db/iterator/get-range-index-all,13.02316,491.432187,,15.195042,2
/db/iterator/get-range-index-mixed,13.007523,506.783651,,15.787192,2
/db/schema/create,13.076571,168.239824,,15.667531,2
/db/schema/create-batch,13.53126,169.97678,,16.210432,2
/db/schema/delete,13.110483,854.278214,,78.944045,2
/db/schema/delete-batch,13.001789,853.728668,,78.446622,2
/item/collection/create,13.144639,5553.594891,,26.559319,2
/item/collection/create-batch,13.103864,5341.935783,,26.614831,2
/item/collection/delete,13.042915,4446.858697,,24.031502,2
/item/collection/delete-batch,13.033341,4450.12526,,24.025175,2
/item/collection/delete-batch-without-get,13.069936,5126.268407,,25.766589,2
/item/collection/unordered-create-delete,13.096353,5955.856566,,13.096353,2
/item/collection/unordered-create-delete-batch,13.051033,5976.538409,,13.051033,2
/item/item/create,13.167875,4024.947078,,26.047553,2
/item/item/create-batch,13.062347,4057.463793,,25.99827,2
/item/item/delete,13.213294,3708.386417,,25.025289,2
/item/item/delete-batch,13.045644,3679.389074,,24.890896,2
/item/item/delete-batch-without-get,13.112188,4118.305808,,26.34274,2
/item/item/get-status,13.012157,32738.615127,,13.013317,2
/item/item/get-status-batch,13.029282,237925.620153,,13.030705,2
/item/item/read,13.000643,27998.615145,114682327.635641,13.00872,2
/item/item/read-batch,13.037994,226261.800703,926768335.681087,13.100736,2
/item/item/write,13.005571,28449.346822,116528524.583811,13.008125,2
/item/item/write-batch,13.007513,361329.640801,1480006208.71953,13.016238,2
/item/item/unordered-create-delete,13.13762,4567.037256,,13.138628,2
/item/item/unordered-create-delete-batch,13.099442,4580.347774,,13.099777,2
/background-operation/new,13.136698,251204.67868,,13.136698,3
/cache/get-release,13.002664,50681921.796949,,13.002672,3
/memory-chunk/get-reset,13.006894,445148549.684498,,13.006972,3
/message/new,13.002319,25549288.553834,,13.002319,3
/message/new-append,13.028757,3461573.502369,,13.028757,3
/message/add-operation-small,13.004646,991953.183501,793562546.800582,13.004647,3
/message/add-operation-large,13.000949,15691.162237,1255292978.997149,13.000949,3
/kv/put,13.06836,5432.969401,,26.517419,3
/kv/put-batch,13.048964,5364.410539,,26.514005,3
/kv/get,13.016281,40641.409017,,13.399436,3
/kv/get-batch,13.00137,41534.084485,,13.382674,3
/kv/delete,13.024713,5144.067282,,25.572045,3
/kv/delete-batch,13.026114,5143.514021,,25.601249,3
/kv/unordered-put-delete,13.051104,5976.505896,,13.051104,3
/kv/unordered-put-delete-batch,13.027944,5987.130433,,13.027945,3
/object/distributed-object/create,13.011607,18983.051056,,24.099184,3
/object/distributed-object/create-batch,13.014038,19286.86546,,24.254897,3
/object/distributed-object/delete,13.024943,21804.318069,,27.888531,3
/object/distributed-object/delete-batch,13.013644,22591.673785,,28.039302,3
/object/distributed-object/status,13.01889,33028.929502,,13.019136,3
/object/distributed-object/status-batch,13.034165,239370.914823,,13.034454,3
/object/distributed-object/read,13.027626,27096.264507,110986299.422473,13.03447,3
/object/distributed-object/read-batch,13.015019,227429.556576,931551463.735858,13.077428,3
/object/distributed-object/write,13.027118,28555.817181,116964627.172334,13.028511,3
/object/distributed-object/write-batch,13.016723,361073.981524,1478959028.320722,13.024366,3
/object/distributed-object/unordered-create-delete,13.004594,20454.310223,,13.004597,3
/object/distributed-object/unordered-create-delete-batch,13.058857,20828.775443,,13.058859,3
/object/object/create,13.027804,19112.967926,,24.143344,3
/object/object/create-batch,13.023572,19272.746371,,24.275242,3
/object/object/delete,13.044403,22001.773481,,27.967256,3
/object/object/delete-batch,13.043256,22463.716115,,28.07861,3
/object/object/status,13.014345,33578.332217,,13.014569,3
/object/object/status-batch,13.040002,241564.380128,,13.04027,3
/object/object/read,13.001427,27304.695092,111840031.098125,13.008142,3
/object/object/read-batch,13.000774,232293.861889,951475658.295421,13.062661,3
/object/object/write,13.033659,28925.108444,118477244.18753,13.034853,3
/object/object/write-batch,13.018837,366392.174662,1500742347.415518,13.026467,3
/object/object/unordered-create-delete,13.005341,20760.701315,,13.005342,3
/object/object/unordered-create-delete-batch,13.013753,20747.281741,,13.013754,3
/db/entry/insert,13.950518,1468.045846,,13.959038,3
/db/entry/insert-batch,14.886749,1650.864134,,14.888168,3
/db/entry/insert-index-single,14.675419,1116.424683,,14.683752,3
/db/entry/insert-batch-index-single,13.648594,1200.416688,,13.650616,3
/db/entry/insert-index-all,15.343759,1334.744635,,15.349854,3
/db/entry/insert-batch-index-all,13.782366,1485.956765,,13.784427,3
/db/entry/insert-index-mixed,15.701532,1043.465058,,15.7108,3
/db/entry/insert-batch-index-mixed,14.594888,1122.584839,,14.597316,3
/db/entry/delete,13.72923,428.866003,,62.356367,3
/db/entry/delete-batch,13.408123,439.136783,,62.053361,3
/db/entry/delete-index-single,14.489703,1413.417514,,27.961247,3
/db/entry/delete-batch-index-single,13.378766,1530.78393,,26.910215,3
/db/entry/delete-index-all,15.037118,1634.355732,,28.742526,3
/db/entry/delete-batch-index-all,13.739334,1788.732991,,27.451372,3
/db/entry/delete-index-mixed,15.007631,1364.639096,,29.360734,3
/db/entry/delete-batch-index-mixed,14.061701,1456.438307,,28.404555,3
/db/entry/update,13.022916,5287.909405,,15.107897,3
/db/entry/update-batch,13.013161,6511.561641,,15.108794,3
/db/entry/update-index-single,14.302295,1718.325625,,17.003119,3
/db/entry/update-batch-index-single,13.087935,1877.759937,,15.777032,3
/db/entry/update-index-all,14.166557,1734.7899,,16.465209,3
/db/entry/update-batch-index-all,13.047085,1883.639142,,15.344217,3
/db/entry/update-index-mixed,15.234927,1613.135396,,18.116012,3
/db/entry/update-batch-index-mixed,14.096408,1743.422863,,16.967516,3
/db/iterator/get-simple,13.016753,5054.409498,,15.148185,3
/db/iterator/get-simple-index-single,13.069339,15356.859287,,15.778843,3
/db/iterator/get-simple-index-all,13.066508,15046.713322,,15.358314,3
/db/iterator/get-simple-index-mixed,13.21823,15183.878628,,16.103982,3
/db/iterator/get-range,13.026459,506.046962,,15.141607,3
/db/iterator/get-range-index-single,13.005875,510.538507,,15.688366,3
/db/iterator/get-range-index-all,13.023055,493.89333,,15.327405,3
/db/iterator/get-range-index-mixed,13.028537,507.194323,,15.887271,3
/db/schema/create,13.214559,158.915632,,15.789751,3
/db/schema/create-batch,13.143006,159.780799,,15.720655,3
/db/schema/delete,13.084055,810.146396,,79.494452,3
/db/schema/delete-batch,13.021027,814.067892,,79.300692,3
/item/collection/create,13.15783,5244.025801,,26.570768,3
/item/collection/create-batch,13.055571,5285.100131,,26.474194,3
/item/collection/delete,13.003831,4460.224068,,24.029809,3
/item/collection/delete-batch,13.193544,4471.884128,,24.396281,3
/item/collection/delete-batch-without-get,13.088189,5119.11923,,25.826654,3
/item/collection/unordered-create-delete,13.126616,5942.125526,,13.126617,3
/item/collection/unordered-create-delete-batch,13.054431,5974.982747,,13.054432,3
/item/item/create,13.175012,4022.766734,,26.08754,3
/item/item/create-batch,13.049044,4061.600221,,25.994559,3
/item/item/delete,13.118316,3659.006232,,24.942636,3
/item/item/delete-batch,13.26861,3692.926388,,25.339582,3
/item/item/delete-batch-without-get,13.176492,4098.207626,,26.466566,3
/item/item/get-status,13.01863,33413.654125,,13.019778,3
/item/item/get-status-batch,13.000867,238445.635972,,13.002108,3
/item/item/read,13.005098,27835.23815,114013135.464262,13.013684,3
/item/item/read-batch,13.021752,226544.016504,927924291.6007,13.085138,3
/item/item/write,13.007496,28445.136558,116511279.342312,13.009978,3
/item/item/write-batch,13.020158,350994.204525,1437672261.734458,13.029165,3
/item/item/unordered-create-delete,13.320969,4504.176836,,13.321459,3
/item/item/unordered-create-delete-batch,13.163462,4558.071425,,13.16384,3
/background-operation/new,13.12139,243876.601488,,13.12139,4
/cache/get-release,13.0006,50751503.776749,,13.000609,4
/memory-chunk/get-reset,13.015433,445624820.933733,,13.015521,4
/message/new,13.003475,25008699.597608,,13.003475,4
/message/new-append,13.00269,3453131.621226,,13.002692,4
/message/add-operation-small,13.00578,988022.248569,790417798.855586,13.00578,4
/message/add-operation-large,13.003799,15618.512713,1249481017.047403,13.003799,4
/kv/put,13.059202,5360.205011,,26.476145,4
/kv/put-batch,13.158388,5395.797722,,26.760248,4
/kv/get,13.016874,39640.853864,,13.398821,4
/kv/get-batch,13.019629,40861.379383,,13.401222,4
/kv/delete,13.142459,5174.069784,,25.785596,4
/kv/delete-batch,13.094532,5193.00728,,25.739437,4
/kv/unordered-put-delete,13.317467,6007.148356,,13.317467,4
/kv/unordered-put-delete-batch,13.276208,6025.81701,,13.276209,4
/object/distributed-object/create,13.024789,19347.722255,,24.11971,4
/object/distributed-object/create-batch,13.043308,19626.922863,,24.274167,4
/object/distributed-object/delete,13.024884,22341.849647,,27.947643,4
/object/distributed-object/delete-batch,13.037233,22397.390612,,28.165094,4
/object/distributed-object/status,13.011113,33125.528923,,13.011364,4
/object/distributed-object/status-batch,13.02353,241869.907775,,13.023802,4
/object/distributed-object/read,13.024606,28407.76911,116358222.275591,13.03121,4
/object/distributed-object/read-batch,13.03193,229436.468735,939771775.938023,13.09386,4
/object/distributed-object/write,13.011692,29127.649194,119306851.099765,13.013157,4
/object/distributed-object/write-batch,13.003878,360661.642627,1477270088.199843,13.011612,4
/object/distributed-object/unordered-create-delete,13.040669,20551.092893,,13.040672,4
/object/distributed-object/unordered-create-delete-batch,13.089463,20932.867911,,13.089464,4
/object/object/create,13.003874,19148.140008,,24.02864,4
/object/object/create-batch,13.033377,19565.151841,,24.2379,4
/object/object/delete,13.028525,22335.605911,,27.952783,4
/object/object/delete-batch,13.041801,22619.575318,,28.156268,4
/object/object/status,13.014807,33269.798008,,13.01503,4
/object/object/status-batch,13.032485,238634.458432,,13.032766,4
/object/object/read,13.035306,27847.44754,114063145.122945,13.042417,4
/object/object/read-batch,13.008456,228313.029617,935170169.311408,13.070638,4
/object/object/write,13.016941,28962.257722,118629407.631178,13.018223,4
/object/object/write-batch,13.001725,366874.395513,1502717524.020851,13.00989,4
/object/object/unordered-create-delete,13.022072,20887.61297,,13.022073,4
/object/object/unordered-create-delete-batch,13.032043,21025.099441,,13.032043,4
/db/entry/insert,13.047194,1569.686172,,13.055635,4
/db/entry/insert-batch,14.251198,1724.486601,,14.252533,4
/db/entry/insert-index-single,14.049983,1166.122407,,14.057519,4
/db/entry/insert-batch-index-single,13.098896,1250.792433,,13.100756,4
/db/entry/insert-index-all,14.431862,1419.082306,,14.437824,4
/db/entry/insert-batch-index-all,13.021148,1572.82599,,13.022796,4
/db/entry/insert-index-mixed,14.991935,1092.854258,,15.000213,4
/db/entry/insert-batch-index-mixed,14.374054,1139.831533,,14.37643,4
/db/entry/delete,13.627333,432.072805,,61.71329,4
/db/entry/delete-batch,13.138576,448.145979,,59.66902,4
/db/entry/delete-index-single,13.816689,1482.265397,,26.842196,4
/db/entry/delete-batch-index-single,15.449782,1590.702057,,31.066991,4
/db/entry/delete-index-all,14.376916,1709.406941,,27.57272,4
/db/entry/delete-batch-index-all,15.180414,1888.749543,,30.393231,4
/db/entry/delete-index-mixed,14.429661,1419.298762,,28.211233,4
/db/entry/delete-batch-index-mixed,13.609178,1504.866789,,27.543862,4
/db/entry/update,13.045291,5259.215758,,15.054955,4
/db/entry/update-batch,13.034297,6422.440735,,14.989571,4
/db/entry/update-index-single,13.854791,1773.82683,,16.450443,4
/db/entry/update-batch-index-single,14.672191,1954.173034,,17.295966,4
/db/entry/update-index-all,13.825222,1777.620641,,16.007769,4
/db/entry/update-batch-index-all,14.528205,1973.540434,,16.745413,4
/db/entry/update-index-mixed,14.811087,1659.297525,,17.596748,4
/db/entry/update-batch-index-mixed,13.521771,1817.513401,,16.307322,4
/db/iterator/get-simple,13.041962,5083.897653,,15.09337,4
/db/iterator/get-simple-index-single,13.200195,13032.534747,,15.830492,4
/db/iterator/get-simple-index-all,13.077815,15660.108359,,15.286113,4
/db/iterator/get-simple-index-mixed,13.160106,15562.184681,,15.958767,4
/db/iterator/get-range,13.009053,504.264223,,15.024233,4
/db/iterator/get-range-index-single,13.008888,511.650189,,15.607763,4
/db/iterator/get-range-index-all,13.003826,498.314881,,15.169911,4
/db/iterator/get-range-index-mixed,13.029462,509.614288,,15.78676,4
/db/schema/create,13.266651,165.829342,,15.87579,4
/db/schema/create-batch,13.22181,166.391742,,15.824039,4
/db/schema/delete,13.074493,841.332815,,79.077655,4
/db/schema/delete-batch,13.064987,841.944963,,79.346893,4
/item/collection/create,13.126166,5332.859572,,26.539834,4
/item/collection/create-batch,13.043135,5290.139219,,26.485054,4
/item/collection/delete,13.097512,4428.321959,,24.129845,4
/item/collection/delete-batch,13.040565,4447.660052,,24.050654,4
/item/collection/delete-batch-without-get,13.058665,5130.692915,,25.738192,4
/item/collection/unordered-create-delete,13.095748,5956.131715,,13.095749,4
/item/collection/unordered-create-delete-batch,13.077613,5964.391208,,13.077614,4
/item/item/create,13.16294,4026.456096,,26.065565,4
/item/item/create-batch,13.004348,4075.559959,,25.905101,4
/item/item/delete,13.119595,3658.649524,,24.895644,4
/item/item/delete-batch,13.257087,3696.136263,,25.291062,4
/item/item/delete-batch-without-get,13.117894,4116.514434,,26.355955,4
/item/item/get-status,13.006829,32905.791258,,13.008003,4
/item/item/get-status-batch,13.029329,234854.764969,,13.030611,4
/item/item/read,13.026083,28020.70277,114772798.54581,13.034271,4
/item/item/read-batch,13.012348,229013.241884,938038238.755988,13.075012,4
/item/item/write,13.018038,28729.367667,117675489.962466,13.020444,4
/item/item/write-batch,13.026416,355431.609124,1455847870.972338,13.035236,4
/item/item/unordered-create-delete,13.193765,4547.602599,,13.194713,4
/item/item/unordered-create-delete-batch,13.096566,4581.353616,,13.096928,4
/background-operation/new,13.205594,242321.549489,,13.205594,5
/cache/get-release,13.000394,50706155.521133,,13.000403,5
/memory-chunk/get-reset,13.002172,445310214.324191,,13.002272,5
/message/new,13.003847,25454006.033753,,13.003847,5
/message/new-append,13.005576,3460054.364374,,13.005578,5
/message/add-operation-small,13.009395,989285.051303,791428041.042647,13.009396,5
/message/add-operation-large,13.004357,15610.152813,1248812225.010433,13.004357,5
/kv/put,13.083733,5350.155036,,26.56525,5
/kv/put-batch,13.045592,5365.797121,,26.532856,5
/kv/get,13.014916,40030.992132,,13.397644,5
/kv/get-batch,13.001568,40841.227766,,13.383469,5
/kv/delete,13.022917,5144.776704,,25.530077,5
/kv/delete-batch,13.175938,5160.922888,,25.856435,5
/kv/unordered-put-delete,13.025933,5988.054752,,13.025935,5
/kv/unordered-put-delete-batch,13.295633,6017.013255,,13.295634,5
/object/distributed-object/create,13.017759,19127.716222,,24.140041,5
/object/distributed-object/create-batch,13.000402,19230.174575,,24.214573,5
/object/distributed-object/delete,13.007451,22064.276852,,27.883408,5
/object/distributed-object/delete-batch,13.016244,22126.198618,,28.054421,5
/object/distributed-object/status,13.008174,32902.388913,,13.008431,5
/object/distributed-object/status-batch,13.033694,242448.533777,,13.034037,5
/object/distributed-object/read,13.024167,28331.946296,116047652.03026,13.030863,5
/object/distributed-object/read-batch,13.020863,223487.490806,915404762.341789,13.082937,5
/object/distributed-object/write,13.025788,28558.732877,116976569.862798,13.027364,5
/object/distributed-object/write-batch,13.008899,368209.484907,1508186050.179958,13.016775,5
/object/distributed-object/unordered-create-delete,13.009289,20908.137255,,13.009292,5
/object/distributed-object/unordered-create-delete-batch,13.037766,21015.870357,,13.037767,5
/object/object/create,13.018407,19049.949813,,24.107839,5
/object/object/create-batch,13.029177,19110.953823,,24.256177,5
/object/object/delete,13.026859,21724.346598,,27.960752,5
/object/object/delete-batch,13.024596,22265.565857,,28.076813,5
/object/object/status,13.022006,33558.577688,,13.022271,5
/object/object/status-batch,13.009168,245211.68456,,13.009475,5
/object/object/read,13.019302,28419.342297,116405626.046619,13.026162,5
/object/object/read-batch,13.027282,227983.089642,933818735.174383,13.088823,5
/object/object/write,13.014097,29045.426663,118970067.612067,13.015397,5
/object/object/write-batch,13.00136,378421.949704,1550016305.986451,13.009211,5
/object/object/unordered-create-delete,13.027111,20726.007478,,13.027112,5
/object/object/unordered-create-delete-batch,13.087856,20782.624748,,13.087857,5
/db/entry/insert,13.205064,1550.920162,,13.213811,5
/db/entry/insert-batch,14.056379,1748.387689,,14.057735,5
/db/entry/insert-index-single,14.23081,1151.30481,,14.238824,5
/db/entry/insert-batch-index-single,13.20027,1241.186733,,13.202054,5
/db/entry/insert-index-all,14.373414,1424.852857,,14.379234,5
/db/entry/insert-batch-index-all,15.109903,1626.482976,,15.111679,5
/db/entry/insert-index-mixed,14.84645,1103.563478,,14.854882,5
/db/entry/insert-batch-index-mixed,14.101117,1161.893771,,14.103346,5
/db/entry/delete,13.695961,429.907766,,59.511185,5
/db/entry/delete-batch,13.488877,436.507798,,60.029718,5
/db/entry/delete-index-single,13.935279,1469.651236,,26.900581,5
/db/entry/delete-batch-index-single,15.424219,1593.338373,,30.933699,5
/db/entry/delete-index-all,14.26999,1722.215643,,27.310051,5
/db/entry/delete-batch-index-all,13.079818,1878.925227,,26.067008,5
/db/entry/delete-index-mixed,14.852045,1378.934685,,29.046476,5
/db/entry/delete-batch-index-mixed,13.579178,1508.191438,,27.493663,5
/db/entry/update,13.022206,5189.904076,,15.061173,5
/db/entry/update-batch,13.027754,6464.967023,,15.053015,5
/db/entry/update-index-single,13.494999,1821.119068,,16.054282,5
/db/entry/update-batch-index-single,14.485341,1979.380396,,17.092721,5
/db/entry/update-index-all,13.737672,1788.949394,,15.947908,5
/db/entry/update-batch-index-all,14.437492,1985.940494,,16.636581,5
/db/entry/update-index-mixed,14.733566,1668.027957,,17.528859,5
/db/entry/update-batch-index-mixed,13.260637,1853.304634,,16.040871,5
/db/iterator/get-simple,13.01415,5094.76224,,15.01049,5
/db/iterator/get-simple-index-single,13.120825,15296.599109,,15.672355,5
/db/iterator/get-simple-index-all,13.267082,15127.968607,,15.423465,5
/db/iterator/get-simple-index-mixed,13.208629,13334.313501,,15.975903,5
/db/iterator/get-range,13.017918,506.378977,,15.055105,5
/db/iterator/get-range-index-single,13.002856,503.27405,,15.567619,5
/db/iterator/get-range-index-all,13.007863,488.320026,,15.152174,5
/db/iterator/get-range-index-mixed,13.006771,493.281538,,15.773437,5
/db/schema/create,13.122727,167.648081,,15.731681,5
/db/schema/create-batch,13.120563,167.675732,,15.712569,5
/db/schema/delete,13.080351,848.601081,,78.92467,5
/db/schema/delete-batch,13.080061,848.619896,,79.185442,5
/item/collection/create,13.121145,5411.113131,,26.565517,5
/item/collection/create-batch,13.035266,5293.332718,,26.480816,5
/item/collection/delete,13.023272,4453.565893,,23.981236,5
/item/collection/delete-batch,13.012154,4457.371162,,23.972067,5
/item/collection/delete-batch-without-get,13.036457,5139.433206,,25.672307,5
/item/collection/unordered-create-delete,13.080572,5963.041983,,13.080573,5
/item/collection/unordered-create-delete-batch,13.010357,5995.223651,,13.010358,5
/item/item/create,13.192081,4017.561748,,26.121675,5
/item/item/create-batch,13.096243,4046.962171,,26.03822,5
/item/item/delete,13.183365,3640.952063,,25.018517,5
/item/item/delete-batch,13.092604,3666.191997,,24.986826,5
/item/item/delete-batch-without-get,13.025433,4068.962621,,26.170059,5
/item/item/get-status,13.003292,33222.356308,,13.004471,5
/item/item/get-status-batch,13.007458,236018.444188,,13.008743,5
/item/item/read,13.008923,27750.18347,113664751.494032,13.016998,5
/item/item/read-batch,13.04394,225392.021122,923205718.517565,13.106586,5
/item/item/write,13.012506,28357.335628,116151646.731229,13.014928,5
/item/item/write-batch,13.022678,366284.108384,1500299707.940256,13.031614,5
/item/item/unordered-create-delete,13.262488,4524.038024,,13.262978,5
/item/item/unordered-create-delete-batch,13.165498,4557.366535,,13.165882,5
/background-operation/new,13.094676,259647.508652,,13.094677,6
/cache/get-release,13.003584,50785998.690822,,13.003594,6
/memory-chunk/get-reset,13.003905,446019868.647149,,13.003992,6
/message/new,13.000611,25491109.610156,,13.000612,6
/message/new-append,13.015853,3465005.328502,,13.015853,6
/message/add-operation-small,13.002787,1003630.990802,802904792.641762,13.002787,6
/message/add-operation-large,13.003684,16364.593295,1309167463.620309,13.003684,6
/kv/put,13.068822,5585.81332,,26.531015,6
/kv/put-batch,13.135999,5404.994321,,26.690799,6
/kv/get,13.008259,40205.226541,,13.386661,6
/kv/get-batch,13.019251,40939.375084,,13.397561,6
/kv/delete,13.115881,5184.554511,,25.760866,6
/kv/delete-batch,13.094591,5192.983882,,25.760167,6
/kv/unordered-put-delete,13.326274,6003.178383,,13.326275,6
/kv/unordered-put-delete-batch,13.301566,6014.329441,,13.301566,6
/object/distributed-object/create,13.004271,18993.759819,,24.09067,6
/object/distributed-object/create-batch,13.021959,19428.720364,,24.221394,6
/object/distributed-object/delete,13.006879,22372.776744,,27.914177,6
/object/distributed-object/delete-batch,13.023131,22652.002809,,28.09941,6
/object/distributed-object/status,13.025611,33242.202611,,13.025862,6
/object/distributed-object/status-batch,13.027516,241795.903379,,13.027786,6
/object/distributed-object/read,13.00487,27989.514697,114645052.199676,13.011655,6
/object/distributed-object/read-batch,13.005004,227604.697392,932268840.517081,13.067168,6
/object/distributed-object/write,13.024184,29022.931494,118877927.400289,13.025548,6
/object/distributed-object/write-batch,13.003719,347592.869394,1423740393.036792,13.011343,6
/object/distributed-object/unordered-create-delete,13.043096,21160.620147,,13.043098,6
/object/distributed-object/unordered-create-delete-batch,13.009085,20754.726409,,13.009086,6
/object/object/create,13.015647,19207.650607,,24.07424,6
/object/object/create-batch,13.007365,19373.639473,,24.156092,6
/object/object/delete,13.02618,22646.700721,,28.042115,6
/object/object/delete-batch,13.030129,22793.327679,,28.159892,6
/object/object/status,13.029886,33691.775968,,13.030112,6
/object/object/status-batch,13.041446,240770.847036,,13.041728,6
/object/object/read,13.027682,28094.023173,115073118.917087,13.034523,6
/object/object/read-batch,13.013014,230538.444053,944285466.841118,13.07463,6
/object/object/write,13.028352,29320.66926,120097461.290576,13.029544,6
/object/object/write-batch,13.024143,363939.492986,1490696163.271549,13.031757,6
/object/object/unordered-create-delete,13.096327,20921.896651,,13.096329,6
/object/object/unordered-create-delete-batch,13.021976,20887.766956,,13.021978,6
/db/entry/insert,13.783078,1485.880004,,13.791404,6
/db/entry/insert-batch,14.531851,1691.181667,,14.533352,6
/db/entry/insert-index-single,14.263434,1148.671491,,14.271359,6
/db/entry/insert-batch-index-single,13.374869,1224.983961,,13.376785,6
/db/entry/insert-index-all,15.088623,1357.31405,,15.094737,6
/db/entry/insert-batch-index-all,13.611534,1504.606314,,13.613218,6
/db/entry/insert-index-mixed,15.215543,1076.793644,,15.224095,6
/db/entry/insert-batch-index-mixed,14.29137,1146.42613,,14.293579,6
/db/entry/delete,13.596532,433.051605,,61.071967,6
/db/entry/delete-batch,13.23706,444.811763,,60.714754,6
/db/entry/delete-index-single,14.196288,1442.630637,,27.362938,6
/db/entry/delete-batch-index-single,13.027819,1572.020612,,26.219645,6
/db/entry/delete-index-all,14.680526,1674.054458,,28.185979,6
/db/entry/delete-batch-index-all,13.393242,1834.955271,,26.917396,6
/db/entry/delete-index-mixed,14.747948,1388.667766,,28.780031,6
/db/entry/delete-batch-index-mixed,13.748776,1489.587146,,27.760167,6
/db/entry/update,13.043883,5279.409513,,15.10062,6
/db/entry/update-batch,13.001193,6478.174734,,15.074504,6
/db/entry/update-index-single,13.896984,1768.441268,,16.537243,6
/db/entry/update-batch-index-single,14.831154,1933.227853,,17.469811,6
/db/entry/update-index-all,13.808469,1779.777324,,16.080827,6
/db/entry/update-batch-index-all,14.710555,1949.0767,,16.960065,6
/db/entry/update-index-mixed,15.106107,1626.891694,,17.926527,6
/db/entry/update-batch-index-mixed,13.723591,1790.784934,,16.538803,6
/db/iterator/get-simple,13.001986,5158.596541,,15.065231,6
/db/iterator/get-simple-index-single,13.15448,15880.217234,,15.8018,6
/db/iterator/get-simple-index-all,13.056882,15998.919191,,15.281454,6
/db/iterator/get-simple-index-mixed,13.117568,15924.903153,,15.934083,6
/db/iterator/get-range,13.003059,513.11003,,15.054904,6
/db/iterator/get-range-index-single,13.028041,510.897993,,15.665094,6
/db/iterator/get-range-index-all,13.016372,497.834573,,15.283423,6
/db/iterator/get-range-index-mixed,13.025515,506.083637,,15.840136,6
/db/schema/create,13.525964,162.650145,,16.174365,6
/db/schema/create-batch,13.421602,163.914859,,16.058066,6
/db/schema/delete,13.119929,830.797179,,79.570401,6
/db/schema/delete-batch,13.089878,832.704476,,79.573789,6
/item/collection/create,13.128946,5255.562785,,26.537242,6
/item/collection/create-batch,13.025193,5297.426303,,26.433044,6
/item/collection/delete,13.220058,4462.915367,,24.383733,6
/item/collection/delete-batch,13.178531,4476.978504,,24.310456,6
/item/collection/delete-batch-without-get,13.02494,5143.977631,,25.683415,6
/item/collection/unordered-create-delete,13.168231,5923.346879,,13.168232,6
/item/collection/unordered-create-delete-batch,13.06711,5969.185229,,13.067111,6
/item/item/create,13.194101,4016.946664,,26.097608,6
/item/item/create-batch,13.024714,4069.187239,,25.915094,6
/item/item/delete,13.109411,3661.491733,,24.938979,6
/item/item/delete-batch,13.25396,3697.00829,,25.296634,6
/item/item/delete-batch-without-get,13.135324,4111.052,,26.404338,6
/item/item/get-status,13.006299,33214.675443,,13.007597,6
/item/item/get-status-batch,13.005432,236824.120875,,13.006828,6
/item/item/read,13.021514,28030.534698,114813070.123797,13.029448,6
/item/item/read-batch,13.043154,229239.032216,938963075.955402,13.105484,6
/item/item/write,13.004851,28989.182575,118739691.827304,13.007537,6
/item/item/write-batch,13.0164,349559.017854,1431793737.131618,13.025027,6
/item/item/unordered-create-delete,13.229958,4535.16179,,13.230436,6
/item/item/unordered-create-delete-batch,13.142964,4565.180274,,13.143318,6
/background-operation/new,13.172078,242938.130187,,13.172079,7
/cache/get-release,13.00272,51327722.199663,,13.002729,7
/memory-chunk/get-reset,13.013066,445705877.461929,,13.013173,7
/message/new,13.002427,25487549.3629,,13.002428,7
/message/new-append,13.023983,3462842.357826,,13.023983,7
/message/add-operation-small,13.00311,990532.264974,792425811.978827,13.00311,7
/message/add-operation-large,13.003555,15626.495985,1250119678.81091,13.003557,7
/kv/put,13.05272,5362.866897,,26.486563,7
/kv/put-batch,13.089386,5347.844429,,26.589048,7
/kv/get,13.006053,38597.413066,,13.387581,7
/kv/get-batch,13.012565,39730.829395,,13.393852,7
/kv/delete,13.067176,5127.351158,,25.635312,7
/kv/delete-batch,13.139662,5099.065714,,25.787309,7
/kv/unordered-put-delete,13.116511,5946.703357,,13.116512,7
/kv/unordered-put-delete-batch,13.058257,5973.232109,,13.058257,7
/object/distributed-object/create,13.006371,18760.036908,,24.0877,7
/object/distributed-object/create-batch,13.012844,19058.09368,,24.225334,7
/object/distributed-object/delete,13.03715,22244.125442,,27.942649,7
/object/distributed-object/delete-batch,13.032512,22405.504019,,28.108007,7
/object/distributed-object/status,13.013311,32197.801159,,13.013625,7
/object/distributed-object/status-batch,13.01759,241980.274383,,13.017859,7
/object/distributed-object/read,13.025333,27101.034576,111005837.624267,13.03241,7
/object/distributed-object/read-batch,13.007075,226799.645578,928971348.285452,13.070953,7
/object/distributed-object/write,13.01331,28048.206029,114885451.895021,13.014941,7
/object/distributed-object/write-batch,13.0183,360262.092593,1475633531.259842,13.025868,7
/object/distributed-object/unordered-create-delete,13.046706,20694.878845,,13.046709,7
/object/distributed-object/unordered-create-delete-batch,13.078417,20950.547761,,13.078418,7
/object/object/create,13.002767,19303.583614,,24.065519,7
/object/object/create-batch,13.03443,19333.411588,,24.253563,7
/object/object/delete,13.010782,22212.346652,,27.937828,7
/object/object/delete-batch,13.014338,22436.792405,,28.095333,7
/object/object/status,13.029144,32772.682534,,13.029365,7
/object/object/status-batch,13.016835,242762.54558,,13.017105,7
/object/object/read,13.024512,27793.747666,113843190.439688,13.031374,7
/object/object/read-batch,13.004859,229914.065197,941728011.045718,13.067005,7
/object/object/write,13.025888,28558.513631,116975671.831356,13.027218,7
/object/object/write-batch,13.016957,357226.347141,1463199117.889074,13.024839,7
/object/object/unordered-create-delete,13.061011,20978.4679,,13.061012,7
/object/object/unordered-create-delete-batch,13.037164,21016.840779,,13.037164,7
/db/entry/insert,14.110781,1451.372536,,14.119329,7
/db/entry/insert-batch,14.628337,1680.026923,,14.629737,7
/db/entry/insert-index-single,14.351762,1141.601986,,14.359727,7
/db/entry/insert-batch-index-single,13.292749,1232.551672,,13.294575,7
/db/entry/insert-index-all,14.327545,1429.41446,,14.333465,7
/db/entry/insert-batch-index-all,13.185405,1553.232532,,13.187055,7
/db/entry/insert-index-mixed,15.466449,1059.325253,,15.475022,7
/db/entry/insert-batch-index-mixed,14.345264,1142.119099,,14.347606,7
/db/entry/delete,13.531069,435.146698,,60.479975,7
/db/entry/delete-batch,13.250009,444.377057,,60.557823,7
/db/entry/delete-index-single,14.023955,1460.358365,,27.272971,7
/db/entry/delete-batch-index-single,13.144282,1558.091952,,26.317992,7
/db/entry/delete-index-all,14.432865,1702.780425,,27.70995,7
/db/entry/delete-batch-index-all,13.139827,1870.344259,,26.484166,7
/db/entry/delete-index-mixed,14.701991,1393.008607,,28.901399,7
/db/entry/delete-batch-index-mixed,13.847386,1478.979498,,28.001539,7
/db/entry/update,13.038505,5261.952962,,15.110918,7
/db/entry/update-batch,13.002412,6280.680846,,15.014874,7
/db/entry/update-index-single,13.846016,1774.951004,,16.483181,7
/db/entry/update-batch-index-single,14.77955,1939.977875,,17.386908,7
/db/entry/update-index-all,13.969153,1759.304949,,16.155106,7
/db/entry/update-batch-index-all,14.762307,1942.243851,,16.995979,7
/db/entry/update-index-mixed,14.747128,1666.493978,,17.552794,7
/db/entry/update-batch-index-mixed,13.952892,1761.35528,,16.73325,7
/db/iterator/get-simple,13.040795,5045.091193,,15.07965,7
/db/iterator/get-simple-index-single,13.056622,15058.106147,,15.711969,7
/db/iterator/get-simple-index-all,13.009557,15112.582235,,15.238619,7
/db/iterator/get-simple-index-mixed,13.26442,15439.800609,,16.145156,7
/db/iterator/get-range,13.017047,511.32949,,15.065443,7
/db/iterator/get-range-index-single,13.015778,511.379343,,15.637984,7
/db/iterator/get-range-index-all,13.005719,497.012122,,15.201529,7
/db/iterator/get-range-index-mixed,13.00661,505.589081,,15.847073,7
/db/schema/create,13.416149,163.981482,,16.056264,7
/db/schema/create-batch,13.552332,162.333685,,16.235708,7
/db/schema/delete,13.030442,836.502707,,79.25056,7
/db/schema/delete-batch,13.079459,833.367802,,79.299271,7
/item/collection/create,13.054771,5285.424003,,26.423034,7
/item/collection/create-batch,13.147629,5172.035201,,26.736012,7
/item/collection/delete,13.220049,4387.27572,,24.333914,7
/item/collection/delete-batch,13.101172,4427.084844,,24.133082,7
/item/collection/delete-batch-without-get,13.100077,5114.473755,,25.810768,7
/item/collection/unordered-create-delete,13.178222,5918.856125,,13.178223,7
/item/collection/unordered-create-delete-batch,13.30753,5260.179763,,13.307532,7
/item/item/create,13.056439,3982.709221,,25.815405,7
/item/item/create-batch,13.099019,4046.104521,,26.073759,7
/item/item/delete,13.223784,3629.823355,,25.076615,7
/item/item/delete-batch,13.097455,3664.834122,,24.962795,7
/item/item/delete-batch-without-get,13.231689,4081.11164,,26.584588,7
/item/item/get-status,13.003814,32452.017539,,13.004994,7
/item/item/get-status-batch,13.028185,235642.954103,,13.029613,7
/item/item/read,13.023914,27334.332828,111961427.263724,13.032106,7
/item/item/read-batch,13.029931,227936.740417,933628888.748528,13.093796,7
/item/item/write,13.002004,27995.684358,114670323.12865,13.004529,7
/item/item/write-batch,13.024378,365468.508362,1496959010.249856,13.033083,7
/item/item/unordered-create-delete,13.320134,4504.459189,,13.320685,7
/item/item/unordered-create-delete-batch,13.241308,4531.274403,,13.241671,7
/background-operation/new,13.223787,241988.168745,,13.223787,8
/cache/get-release,13.003551,50739986.331426,,13.003561,8
/memory-chunk/get-reset,13.012165,445736739.428066,,13.012262,8
/message/new,13.003182,25470688.636058,,13.003183,8
/message/new-append,13.02435,3462744.781889,,13.024351,8
/message/add-operation-small,13.005225,988064.412573,790451530.058111,13.005226,8
/message/add-operation-large,13.001361,15613.749976,1249099998.069433,13.001361,8
/kv/put,13.0905,5347.389328,,26.574695,8
/kv/put-batch,13.02245,5375.332599,,26.488217,8
/kv/get,13.013677,38959.012122,,13.395811,8
/kv/get-batch,13.019457,39632.989302,,13.399919,8
/kv/delete,13.009972,5149.895788,,25.526106,8
/kv/delete-batch,13.185474,5157.190405,,25.911762,8
/kv/unordered-put-delete,13.067531,5968.992918,,13.067532,8
/kv/unordered-put-delete-batch,13.032632,5984.976787,,13.032632,8
/object/distributed-object/create,13.043798,18859.53769,,24.156718,8
/object/distributed-object/create-batch,13.046139,19316.059717,,24.266752,8
/object/distributed-object/delete,13.03646,21554.931323,,28.015948,8
/object/distributed-object/delete-batch,13.043467,22233.352528,,28.133932,8
/object/distributed-object/status,13.004727,32142.15877,,13.005043,8
/object/distributed-object/status-batch,13.002732,243025.85026,,13.003007,8
/object/distributed-object/read,13.030461,27243.855762,111590833.202294,13.037411,8
/object/distributed-object/read-batch,13.034492,225555.395638,923874900.533139,13.098105,8
/object/distributed-object/write,13.01482,28352.29377,116130995.280765,13.016296,8
/object/distributed-object/write-batch,13.020744,352514.418531,1443899058.302659,13.028511,8
/object/distributed-object/unordered-create-delete,13.071474,21114.680716,,13.071477,8
/object/distributed-object/unordered-create-delete-batch,13.024303,20884.035023,,13.024305,8
/object/object/create,13.003175,19456.786516,,24.0942,8
/object/object/create-batch,13.00272,19457.467361,,24.192099,8
/object/object/delete,13.014489,22359.694645,,28.001197,8
/object/object/delete-batch,13.042906,22464.318918,,28.14763,8
/object/object/status,13.012477,32660.960707,,13.012695,8
/object/object/status-batch,13.040838,243849.359987,,13.041106,8
/object/object/read,13.024665,27793.421174,113841853.130196,13.031528,8
/object/object/read-batch,13.006127,227585.04511,932188344.770123,13.068953,8
/object/object/write,13.014793,28506.023876,116760673.796349,13.016143,8
/object/object/write-batch,13.011367,366602.525315,1501603943.69016,13.019073,8
/object/object/unordered-create-delete,13.018911,20739.061816,,13.018911,8
/object/object/unordered-create-delete-batch,13.044829,20851.174055,,13.044829,8
/db/entry/insert,13.53419,1513.204706,,13.542702,8
/db/entry/insert-batch,14.214302,1728.962843,,14.215723,8
/db/entry/insert-index-single,13.981255,1171.854744,,13.989244,8
/db/entry/insert-batch-index-single,13.130029,1247.826642,,13.131931,8
/db/entry/insert-index-all,14.188404,1443.432256,,14.19425,8
/db/entry/insert-batch-index-all,15.185184,1618.419639,,15.186915,8
/db/entry/insert-index-mixed,15.10507,1084.668922,,15.113541,8
/db/entry/insert-batch-index-mixed,14.107844,1161.339748,,14.109934,8
/db/entry/delete,13.47129,437.077667,,59.899425,8
/db/entry/delete-batch,13.278326,443.42939,,60.542552,8
/db/entry/delete-index-single,13.888718,1474.578143,,26.919508,8
/db/entry/delete-batch-index-single,15.51207,1584.314666,,31.166947,8
/db/entry/delete-index-all,14.317016,1716.558814,,27.383661,8
/db/entry/delete-batch-index-all,13.284439,1849.98403,,26.538483,8
/db/entry/delete-index-mixed,14.533455,1409.162515,,28.515555,8
/db/entry/delete-batch-index-mixed,13.70444,1494.406192,,27.664106,8
/db/entry/update,13.010552,5233.905525,,14.997573,8
/db/entry/update-batch,13.009601,6473.987942,,15.024026,8
/db/entry/update-index-single,13.799022,1780.995784,,16.398256,8
/db/entry/update-batch-index-single,14.418012,1988.623674,,17.001394,8
/db/entry/update-index-all,13.601394,1806.873619,,15.766917,8
/db/entry/update-batch-index-all,14.50666,1976.471497,,16.695947,8
/db/entry/update-index-mixed,14.877895,1651.846582,,17.64212,8
/db/entry/update-batch-index-mixed,13.744286,1788.088519,,16.573869,8
/db/iterator/get-simple,13.021731,5111.455612,,15.065877,8
/db/iterator/get-simple-index-single,13.015157,15420.789776,,15.620602,8
/db/iterator/get-simple-index-all,13.192895,15523.50716,,15.345885,8
/db/iterator/get-simple-index-mixed,13.157922,14942.17704,,15.966103,8
/db/iterator/get-range,13.01895,494.049059,,15.040512,8
/db/iterator/get-range-index-single,13.019996,495.238247,,15.61034,8
/db/iterator/get-range-index-all,13.012814,477.068219,,15.192882,8
/db/iterator/get-range-index-mixed,13.024092,493.854005,,15.826836,8
/db/schema/create,13.422608,163.902574,,16.067587,8
/db/schema/create-batch,13.20043,166.661238,,15.822023,8
/db/schema/delete,13.115738,838.68708,,79.246424,8
/db/schema/delete-batch,13.027239,821.35593,,78.646447,8
/item/collection/create,13.0493,5287.63995,,26.390527,8
/item/collection/create-batch,13.131363,5254.595429,,26.652278,8
/item/collection/delete,13.003887,4460.20486,,23.977696,8
/item/collection/delete-batch,13.056963,4442.074317,,24.083066,8
/item/collection/delete-batch-without-get,13.138683,5099.44566,,25.931066,8
/item/collection/unordered-create-delete,13.175061,5920.276195,,13.175063,8
/item/collection/unordered-create-delete-batch,13.068301,5968.641218,,13.068303,8
/item/item/create,13.217221,4009.920088,,26.164054,8
/item/item/create-batch,13.085693,4050.224929,,26.073269,8
/item/item/delete,13.233641,3627.119702,,25.104693,8
/item/item/delete-batch,13.0597,3675.428991,,24.910735,8
/item/item/delete-batch-without-get,13.193793,4092.833653,,26.521562,8
/item/item/get-status,13.004564,32450.145964,,13.005744,8
/item/item/get-status-batch,13.040964,236945.673648,,13.042345,8
/item/item/read,13.016744,27503.037626,112652442.116093,13.024761,8
/item/item/read-batch,13.01875,225060.009602,921845799.327892,13.08296,8
/item/item/write,13.023982,28025.223008,114791313.440083,13.026472,8
/item/item/write-batch,13.007296,349803.679412,1432795870.87124,13.016104,8
/item/item/unordered-create-delete,13.134436,4568.14438,,13.135309,8
/item/item/unordered-create-delete-batch,13.124963,4571.441459,,13.125324,8
/background-operation/new,13.195426,242508.275216,,13.195427,9
/cache/get-release,13.001228,50256791.12773,,13.001238,9
/memory-chunk/get-reset,13.004895,445985915.30343,,13.005024,9
/message/new,13.000312,25983991.768813,,13.000312,9
/message/new-append,13.013776,3465558.343712,,13.013777,9
/message/add-operation-small,13.006536,987964.820149,790371856.119108,13.006536,9
/message/add-operation-large,13.002339,15566.430009,1245314400.739744,13.002339,9
/kv/put,13.077225,5352.817589,,26.515321,9
/kv/put-batch,13.050854,5363.633675,,26.521908,9
/kv/get,13.020536,40244.118983,,13.402076,9
/kv/get-batch,13.007091,39440.025445,,13.394873,9
/kv/delete,13.049081,5134.461193,,25.624476,9
/kv/delete-batch,13.024164,5144.284117,,25.600907,9
/kv/unordered-put-delete,13.078177,5964.133992,,13.078177,9
/kv/unordered-put-delete-batch,13.054745,5974.839034,,13.054747,9
/object/distributed-object/create,13.019462,19432.446594,,24.123413,9
/object/distributed-object/create-batch,13.045463,19470.370657,,24.265657,9
/object/distributed-object/delete,13.018427,22122.488377,,27.941087,9
/object/distributed-object/delete-batch,13.006371,22527.421369,,28.100401,9
/object/distributed-object/status,13.007754,32749.696835,,13.007995,9
/object/distributed-object/status-batch,13.003916,242234.723756,,13.004254,9
/object/distributed-object/read,13.021772,27876.390402,114181695.087274,13.028595,9
/object/distributed-object/read-batch,13.038094,227794.031858,933044354.489238,13.101638,9
/object/distributed-object/write,13.022124,29027.522699,118896732.975358,13.023556,9
/object/distributed-object/write-batch,13.023853,352430.267756,1443554376.727071,13.03096,9
/object/distributed-object/unordered-create-delete,13.011048,20751.595106,,13.011051,9
/object/distributed-object/unordered-create-delete-batch,13.051657,21146.740219,,13.051659,9
/object/object/create,13.003271,19302.835417,,24.03049,9
/object/object/create-batch,13.025514,19653.73497,,24.190221,9
/object/object/delete,13.004373,22838.471336,,27.995169,9
/object/object/delete-batch,13.033722,22787.044253,,28.183482,9
/object/object/status,13.008766,33669.604019,,13.008978,9
/object/object/status-batch,13.009726,242895.200099,,13.01004,9
/object/object/read,13.017761,28269.070234,115790111.678959,13.024593,9
/object/object/read-batch,13.002587,225339.77277,922991709.265241,13.065616,9
/object/object/write,13.015943,29271.79383,119897267.527985,13.017338,9
/object/object/write-batch,13.011828,368895.131414,1510994458.272888,13.019637,9
/object/object/unordered-create-delete,13.050075,20689.536267,,13.050075,9
/object/object/unordered-create-delete-batch,13.038412,20861.436193,,13.038413,9
/db/entry/insert,13.729622,1491.665248,,13.738549,9
/db/entry/insert-batch,14.800418,1660.493643,,14.801835,9
/db/entry/insert-index-single,14.58648,1123.231924,,14.594836,9
/db/entry/insert-batch-index-single,13.527094,1211.198799,,13.528873,9
/db/entry/insert-index-all,14.942752,1370.564137,,14.949046,9
/db/entry/insert-batch-index-all,13.621071,1503.552841,,13.622906,9
/db/entry/insert-index-mixed,15.498453,1057.137767,,15.507552,9
/db/entry/insert-batch-index-mixed,14.482267,1131.314593,,14.48456,9
/db/entry/delete,13.620555,432.287818,,62.055851,9
/db/entry/delete-batch,13.291398,442.99328,,61.755112,9
/db/entry/delete-index-single,14.146466,1447.711393,,27.474388,9
/db/entry/delete-batch-index-single,13.233462,1547.592006,,26.577496,9
/db/entry/delete-index-all,14.72239,1669.294184,,28.299359,9
/db/entry/delete-batch-index-all,13.572537,1810.71527,,27.114177,9
/db/entry/delete-index-mixed,14.97379,1367.723202,,29.202993,9
/db/entry/delete-batch-index-mixed,14.117417,1450.690307,,28.48772,9
/db/entry/update,13.038149,5242.461948,,15.169301,9
/db/entry/update-batch,13.023359,6506.462734,,15.160254,9
/db/entry/update-index-single,14.454812,1700.195063,,17.128901,9
/db/entry/update-batch-index-single,13.21657,1859.483966,,15.946087,9
/db/entry/update-index-all,13.804292,1780.315861,,15.993445,9
/db/entry/update-batch-index-all,14.431038,1986.828667,,16.588507,9
/db/entry/update-index-mixed,14.457774,1699.84674,,17.199958,9
/db/entry/update-batch-index-mixed,13.279763,1850.635437,,16.019615,9
/db/iterator/get-simple,13.043864,4906.521564,,15.031778,9
/db/iterator/get-simple-index-single,13.130469,15285.36414,,15.724235,9
/db/iterator/get-simple-index-all,13.232936,15167.004511,,15.43083,9
/db/iterator/get-simple-index-mixed,13.302305,12932.495534,,16.062717,9
/db/iterator/get-range,13.019057,508.792611,,15.034979,9
/db/iterator/get-range-index-single,13.023876,507.375838,,15.585296,9
/db/iterator/get-range-index-all,13.010549,494.36807,,15.151263,9
/db/iterator/get-range-index-mixed,13.026504,501.132153,,15.809231,9
/db/schema/create,13.310281,165.285767,,15.941909,9
/db/schema/create-batch,13.183795,166.871527,,15.77523,9
/db/schema/delete,13.044278,843.281629,,78.911654,9
/db/schema/delete-batch,13.047128,850.761945,,79.146291,9
/item/collection/create,13.149123,5323.548955,,26.585734,9
/item/collection/create-batch,13.138141,5251.88457,,26.637444,9
/item/collection/delete,13.071188,4437.240135,,24.118527,9
/item/collection/delete-batch,13.058577,4441.52529,,24.116372,9
/item/collection/delete-batch-without-get,13.134615,5101.02504,,25.899919,9
/item/collection/unordered-create-delete,13.237657,5892.281391,,13.237657,9
/item/collection/unordered-create-delete-batch,13.120525,5944.884065,,13.120525,9
/item/item/create,13.203816,4013.991107,,26.136404,9
/item/item/create-batch,13.090646,4048.692479,,26.051909,9
/item/item/delete,13.170096,3644.620358,,25.020075,9
/item/item/delete-batch,13.046311,3679.200963,,24.899442,9
/item/item/delete-batch-without-get,13.200376,4090.792565,,26.558751,9
/item/item/get-status,13.030192,32770.046673,,13.031328,9
/item/item/get-status-batch,13.015539,233566.969451,,13.016825,9
/item/item/read,13.002483,27994.653021,114666098.775134,13.01067,9
/item/item/read-batch,13.027229,225681.148309,924389983.47231,13.090846,9
/item/item/write,13.017442,28884.323049,118310187.208823,13.019749,9
/item/item/write-batch,13.002301,356090.818079,1458547990.851773,13.011007,9
/item/item/unordered-create-delete,13.000022,4769.222698,,13.000451,9
/item/item/unordered-create-delete-batch,13.19118,4700.110225,,13.191526,9
/background-operation/new,13.223796,241988.00405,,13.223796,10
/cache/get-release,13.001946,50777014.456144,,13.001956,10
/memory-chunk/get-reset,13.005519,445964517.063871,,13.005612,10
/message/new,13.003925,25453853.355814,,13.003925,10
/message/new-append,13.017025,3464693.353512,,13.017027,10
/message/add-operation-small,13.006426,978746.967076,782997573.660897,13.006426,10
/message/add-operation-large,13.003268,15626.840883,1250147270.670727,13.003268,10
/kv/put,13.016045,5454.805972,,26.429975,10
/kv/put-batch,13.070462,5355.587278,,26.589426,10
/kv/get,13.021464,39780.473225,,13.407232,10
/kv/get-batch,13.022079,40392.935721,,13.405068,10
/kv/delete,13.010691,5149.611193,,25.556084,10
/kv/delete-batch,13.175298,5161.173584,,25.898712,10
/kv/unordered-put-delete,13.052428,5975.899656,,13.052429,10
/kv/unordered-put-delete-batch,13.064174,5970.526724,,13.064175,10
/object/distributed-object/create,13.014339,19209.581063,,24.127585,10
/object/distributed-object/create-batch,13.027207,19497.655944,,24.266402,10
/object/distributed-object/delete,13.028604,22335.470477,,27.936827,10
/object/distributed-object/delete-batch,13.017282,22662.180938,,28.080734,10
/object/distributed-object/status,13.00617,33215.004878,,13.006421,10
/object/distributed-object/status-batch,13.034176,242439.568102,,13.034521,10
/object/distributed-object/read,13.034942,28231.809547,115637491.904452,13.041853,10
/object/distributed-object/read-batch,13.027481,227211.999004,930660347.921444,13.090017,10
/object/distributed-object/write,13.023305,28871.319531,118256924.797507,13.024693,10
/object/distributed-object/write-batch,13.016276,354171.96132,1450688353.565951,13.023996,10
/object/distributed-object/unordered-create-delete,13.079379,20796.094371,,13.07938,10
/object/distributed-object/unordered-create-delete-batch,13.0071,20911.655942,,13.007102,10
/object/object/create,13.046013,19316.246274,,24.147863,10
/object/object/create-batch,13.00485,19608.069297,,24.158278,10
/object/object/delete,13.041344,22390.330322,,28.081081,10
/object/object/delete-batch,13.03823,22549.072995,,28.173073,10
/object/object/status,13.00501,33986.901971,,13.005225,10
/object/object/status-batch,13.005966,245272.054379,,13.00622,10
/object/object/read,13.028032,28093.268423,115070027.460786,13.034951,10
/object/object/read-batch,13.01687,228165.449912,934565682.840806,13.079741,10
/object/object/write,13.019917,29032.443141,118916887.10458,13.021227,10
/object/object/write-batch,13.013572,370382.551386,1517086930.475353,13.021565,10
/object/object/unordered-create-delete,13.014203,20900.242604,,13.014204,10
/object/object/unordered-create-delete-batch,13.016483,21050.233001,,13.016483,10
/db/entry/insert,13.884892,1474.984465,,13.893504,10
/db/entry/insert-batch,14.744026,1666.844592,,14.745543,10
/db/entry/insert-index-single,14.627592,1120.074993,,14.635619,10
/db/entry/insert-batch-index-single,13.633654,1201.732126,,13.635442,10
/db/entry/insert-index-all,14.971612,1367.922172,,14.977631,10
/db/entry/insert-batch-index-all,13.932287,1469.966848,,13.934239,10
/db/entry/insert-index-mixed,15.710581,1042.864042,,15.719669,10
/db/entry/insert-batch-index-mixed,14.800557,1106.985365,,14.803027,10
/db/entry/delete,13.88869,423.942071,,64.166431,10
/db/entry/delete-batch,13.37241,440.309563,,62.184187,10
/db/entry/delete-index-single,14.18073,1444.21338,,27.532503,10
/db/entry/delete-batch-index-single,13.254172,1545.173852,,26.623344,10
/db/entry/delete-index-all,14.943198,1644.627877,,28.700225,10
/db/entry/delete-batch-index-all,13.695036,1794.518831,,27.438173,10
/db/entry/delete-index-mixed,15.159845,1350.937295,,29.400382,10
/db/entry/delete-batch-index-mixed,13.985045,1464.421459,,28.249313,10
/db/entry/update,13.04755,5277.925741,,15.164197,10
/db/entry/update-batch,13.008826,6474.373629,,15.145715,10
/db/entry/update-index-single,14.196133,1731.175666,,16.888796,10
/db/entry/update-batch-index-single,13.130631,1871.65415,,15.80631,10
/db/entry/update-index-all,14.099255,1743.070822,,16.407805,10
/db/entry/update-batch-index-all,15.140969,1893.670081,,17.43404,10
/db/entry/update-index-mixed,15.116961,1625.723583,,17.98535,10
/db/entry/update-batch-index-mixed,14.078653,1745.621545,,16.946441,10
/db/iterator/get-simple,13.036448,5046.773477,,15.154674,10
/db/iterator/get-simple-index-single,13.220546,15491.039477,,15.909016,10
/db/iterator/get-simple-index-all,13.192782,15523.640124,,15.488246,10
/db/iterator/get-simple-index-mixed,13.078819,15345.728081,,15.944176,10
/db/iterator/get-range,13.025727,504.847062,,15.159509,10
/db/iterator/get-range-index-single,13.026461,503.590346,,15.72461,10
/db/iterator/get-range-index-all,13.023327,488.968756,,15.326756,10
/db/iterator/get-range-index-mixed,13.02273,496.362898,,15.889392,10
/db/schema/create,13.209151,158.980695,,15.794346,10
/db/schema/create-batch,13.069147,160.683784,,15.634375,10
/db/schema/delete,13.043513,812.664502,,79.204385,10
/db/schema/delete-batch,13.047981,812.386223,,79.10869,10
/item/collection/create,13.156777,5244.445505,,26.596255,10
/item/collection/create-batch,13.080054,5351.659863,,26.564721,10
/item/collection/delete,13.162478,4558.412177,,24.206496,10
/item/collection/delete-batch,13.130972,4493.193649,,24.166092,10
/item/collection/delete-batch-without-get,13.181281,5158.830921,,25.974576,10
/item/collection/unordered-create-delete,13.107021,5951.009005,,13.107023,10
/item/collection/unordered-create-delete-batch,13.081234,5962.740212,,13.081234,10
/item/item/create,13.010815,3996.675074,,25.733243,10
/item/item/create-batch,13.122243,4038.943647,,26.098,10
/item/item/delete,13.071341,3672.155749,,24.795613,10
/item/item/delete-batch,13.066669,3673.468732,,24.93697,10
/item/item/delete-batch-without-get,13.206156,4089.002129,,26.532808,10
/item/item/get-status,13.028945,33156.94402,,13.030254,10
/item/item/get-status-batch,13.029129,237928.414094,,13.030499,10
/item/item/read,13.003367,27838.94356,114028312.820826,13.011471,10
/item/item/read-batch,13.022437,224996.289097,921584800.141479,13.08533,10
/item/item/write,13.02086,28569.54149,117020841.941316,13.02336,10
/item/item/write-batch,13.008127,349012.582672,1429555538.625968,13.016638,10
/item/item/unordered-create-delete,13.25368,4527.044564,,13.254181,10
/item/item/unordered-create-delete-batch,13.136567,4567.403341,,13.136937,10
